Model,Test RMSE (°C),Test MAE (°C)
Random Forest (Baseline),0.8639883888751697,0.6581250000000006
PyTorch LSTM,1.0070785593706675,0.8093215783437093
