Model,Test RMSE (°C),Test MAE (°C)
Random Forest (Baseline),0.7257863054033958,0.541022222222223
PyTorch LSTM,0.705347760844002,0.5267955239613852
